Workbook

Sheet Leeme
A1: Análisis de riesgos del CMS (ISO/IEC 27001, STRIDE y DREAD)
A2: Borrador de trabajo para el informe, sección 2 (Activos y riesgos). Los valores son una propuesta inicial basada en lo construido y probado en el proyecto.
A4: Hoja | B4: Contenido
A5: Escalas | B5: Parámetros de cálculo (editables) y definiciones de las escalas CIA, DREAD, probabilidad e impacto.
A6: Activos | B6: Inventario de activos (2.1) con valoración CIA y criticidad calculada (2.2).
A7: STRIDE | B7: Modelado de amenazas (2.3): 29 amenazas clasificadas por categoría STRIDE.
A8: DREAD | B8: Puntaje DREAD de cada amenaza (2.4). El promedio y el nivel se calculan solos.
A9: Matriz | B9: Matriz de riesgos inicial (2.5) y columnas para el riesgo residual y el tratamiento (etapa 13).
A10: Mapa_de_calor | B10: Matriz de calor de probabilidad contra impacto, antes y después de los controles. Se llena sola con las fórmulas.
A11: Capas | B11: Análisis de riesgos en las 7 capas de seguridad en profundidad (1.3 del enunciado).
A12: Hallazgos | B12: Hallazgos de las pruebas de penetración y del CI, con su DREAD, tratamiento y estado en v1.0 y v1.1.
A13: Cómo editarlo
A14: Texto azul | B14: Valores que podés ajustar: letras A/M/B de CIA y puntajes DREAD (1 a 10). Todo lo demás se recalcula.
A15: Texto negro | B15: Fórmulas y textos descriptivos. No sobrescribas las fórmulas.
A16: Celda amarilla | B16: Valores propuestos en la etapa 13 (riesgo residual, tratamiento y estado) a partir de las pruebas. Revisalos y ajustalos si no te convencen.
A18: Supuestos
A19: S1 | B19: Riesgo inicial = riesgo inherente, es decir, el que habría sin los controles que se construyeron. El residual se estima después de las pruebas de penetración.
A20: S2 | B20: La probabilidad (1 a 5) sale del promedio de reproducibilidad, explotabilidad y descubribilidad de DREAD, dividido entre el divisor de la hoja Escalas. El impacto (1 a 5) sale del promedio de daño y usuarios afectados.
A21: S3 | B21: Los puntajes DREAD son un juicio de analista. Se justifican en la hoja DREAD y deben revisarse y ajustarse antes de entregar.
A22: S4 | B22: Los propietarios y custodios están expresados como roles, porque el proyecto lo desarrolla una sola persona.
A23: S5 | B23: Los activos de la nube corresponden al diseño en AWS (Terraform escaneado con Checkov, sin desplegar). El entorno evaluado es Docker Compose local.

Sheet Escalas
A1: Escalas y parámetros de cálculo
A2: Las celdas con texto azul son parámetros editables que usan las fórmulas de las demás hojas.
A4: Parámetro | B4: Valor | C4: Uso
A5: Puntaje de una valoración Alta (A) | B5: 3 | C5: Suma de C, I y D para la criticidad del activo
A6: Puntaje de una valoración Media (M) | B6: 2 | C6: Idem
A7: Puntaje de una valoración Baja (B) | B7: 1 | C7: Idem
A8: Criticidad Crítica desde (puntaje CIA) | B8: 9 | C8: Puntaje de 3 a 9. Con el puntaje máximo (9) las tres propiedades son Altas
A9: Criticidad Alta desde (puntaje CIA) | B9: 7
A10: Criticidad Media desde (puntaje CIA) | B10: 4 | C10: Por debajo es Baja
A11: Nivel DREAD Alto desde (promedio) | B11: 7 | C11: Promedio de los cinco factores, de 1 a 10
A12: Nivel DREAD Medio desde (promedio) | B12: 4 | C12: Por debajo es Bajo
A13: Riesgo Crítico desde (probabilidad x impacto) | B13: 17 | C13: Producto de 1 a 25
A14: Riesgo Alto desde (probabilidad x impacto) | B14: 10
A15: Riesgo Medio desde (probabilidad x impacto) | B15: 5 | C15: Por debajo es Bajo
A16: Divisor para pasar de DREAD (1-10) a la escala 1-5 | B16: 2 | C16: Probabilidad = promedio(R, E, descubribilidad) / divisor. Impacto = promedio(daño, usuarios afectados) / divisor. Se redondea y se limita entre 1 y 5
A19: Definiciones
A20: Confidencialidad (C) | C20: A: su divulgación causa daño grave. M: daño limitado. B: sin daño relevante.
A21: Integridad (I) | C21: A: una alteración no detectada causa daño grave. M: daño limitado. B: sin daño relevante.
A22: Disponibilidad (D) | C22: A: su caída detiene el servicio. M: degrada el servicio. B: tolera una caída prolongada.
A23: Daño (D) | C23: 1-3: molestia menor. 4-6: pérdida de datos o servicio acotada. 7-10: compromiso total o masivo.
A24: Reproducibilidad (R) | C24: 1-3: casi imposible de repetir. 4-6: depende de condiciones. 7-10: se repite siempre.
A25: Explotabilidad (E) | C25: 1-3: requiere habilidades y acceso avanzados. 4-6: requiere herramientas y algo de acceso. 7-10: cualquier persona con herramientas públicas.
A26: Usuarios afectados (A) | C26: 1-3: una cuenta o pocos usuarios. 4-6: un grupo o rol. 7-10: todos los usuarios.
A27: Descubribilidad (D) | C27: 1-3: oculto. 4-6: hay que investigar. 7-10: visible o fácil de encontrar.
A28: Probabilidad (1-5) | C28: 1 Muy baja, 2 Baja, 3 Media, 4 Alta, 5 Muy alta.
A29: Impacto (1-5) | C29: 1 Insignificante, 2 Menor, 3 Moderado, 4 Mayor, 5 Severo.
A30: Categorías STRIDE | C30: S Suplantación (Spoofing), T Manipulación (Tampering), R Repudio, I Divulgación de información, D Denegación de servicio, E Elevación de privilegios.

Sheet Activos
A1: Inventario de activos de información (ISO/IEC 27001)
A2: Campos obligatorios del enunciado. Tipo y ubicación con lista desplegable. C, I y D: A (Alta), M (Media), B (Baja).
A4: ID | B4: Nombre del activo | C4: Proceso asociado | D4: Descripción | E4: Tipo | F4: Ubicación | G4: Confidencialidad (C) | H4: Integridad (I) | I4: Disponibilidad (D) | J4: Puntaje CIA | K4: Criticidad | L4: Justificación de la valoración | M4: Propietario | N4: Custodio | O4: Usuarios con acceso
A5: A-01 | B5: Credenciales de usuarios (hashes argon2id) | C5: Autenticación | D5: Contraseñas de todos los usuarios, guardadas solo como hash argon2id. | E5: Información | F5: Local | G5: A | H5: A | I5: M | J5: =IF(G5="A",Escalas!$B$5,IF(G5="M",Escalas!$B$6,Escalas!$B$7))+IF(H5="A",Escalas!$B$5,IF(H5="M",Escalas!$B$6,Escalas!$B$7))+IF(I5="A",Escalas!$B$5,IF(I5="M",Escalas!$B$6,Escalas!$B$7)) -> 8 | K5: =IF(J5>=Escalas!$B$8,"Crítica",IF(J5>=Escalas!$B$9,"Alta",IF(J5>=Escalas!$B$10,"Media","Baja"))) -> Alta | L5: Su filtración permite ataques fuera de línea y su alteración permite tomar cuentas. | M5: Responsable del proyecto | N5: Administrador de base de datos | O5: Servicio de autenticación (API)
A6: A-02 | B6: Datos personales de usuarios | C6: Registro y administración de usuarios | D6: Nombre, correo y rol de cada usuario. | E6: Información | F6: Local | G6: M | H6: M | I6: M | J6: =IF(G6="A",Escalas!$B$5,IF(G6="M",Escalas!$B$6,Escalas!$B$7))+IF(H6="A",Escalas!$B$5,IF(H6="M",Escalas!$B$6,Escalas!$B$7))+IF(I6="A",Escalas!$B$5,IF(I6="M",Escalas!$B$6,Escalas!$B$7)) -> 6 | K6: =IF(J6>=Escalas!$B$8,"Crítica",IF(J6>=Escalas!$B$9,"Alta",IF(J6>=Escalas!$B$10,"Media","Baja"))) -> Media | L6: Datos personales de bajo volumen; el correo identifica a la persona. | M6: Responsable del proyecto | N6: Administrador de base de datos | O6: Administrador (listado), API
A7: A-03 | B7: Contenido editorial (posts y borradores) | C7: Publicación de contenido | D7: Artículos en Markdown con su estado (borrador o publicado) y autoría. | E7: Información | F7: Local | G7: M | H7: A | I7: M | J7: =IF(G7="A",Escalas!$B$5,IF(G7="M",Escalas!$B$6,Escalas!$B$7))+IF(H7="A",Escalas!$B$5,IF(H7="M",Escalas!$B$6,Escalas!$B$7))+IF(I7="A",Escalas!$B$5,IF(I7="M",Escalas!$B$6,Escalas!$B$7)) -> 7 | K7: =IF(J7>=Escalas!$B$8,"Crítica",IF(J7>=Escalas!$B$9,"Alta",IF(J7>=Escalas!$B$10,"Media","Baja"))) -> Alta | L7: Los borradores son confidenciales y lo publicado debe ser íntegro por reputación. | M7: Editores | N7: Administrador de base de datos | O7: Editores y administrador; lectura pública de lo publicado
A8: A-04 | B8: Imágenes subidas | C8: Publicación de contenido | D8: Imágenes PNG, JPG o WEBP asociadas a los posts, con nombre UUID. | E8: Información | F8: Local | G8: B | H8: M | I8: M | J8: =IF(G8="A",Escalas!$B$5,IF(G8="M",Escalas!$B$6,Escalas!$B$7))+IF(H8="A",Escalas!$B$5,IF(H8="M",Escalas!$B$6,Escalas!$B$7))+IF(I8="A",Escalas!$B$5,IF(I8="M",Escalas!$B$6,Escalas!$B$7)) -> 5 | K8: =IF(J8>=Escalas!$B$8,"Crítica",IF(J8>=Escalas!$B$9,"Alta",IF(J8>=Escalas!$B$10,"Media","Baja"))) -> Media | L8: Son públicas por diseño; su integridad importa porque se muestran a los lectores. | M8: Editores | N8: DevSecOps | O8: Editores (subida), público (lectura)
A9: A-05 | B9: Semillas MFA (TOTP) cifradas | C9: Autenticación multifactor | D9: Semilla de cada usuario con MFA activo, cifrada con AES-256-GCM. | E9: Información | F9: Local | G9: A | H9: A | I9: M | J9: =IF(G9="A",Escalas!$B$5,IF(G9="M",Escalas!$B$6,Escalas!$B$7))+IF(H9="A",Escalas!$B$5,IF(H9="M",Escalas!$B$6,Escalas!$B$7))+IF(I9="A",Escalas!$B$5,IF(I9="M",Escalas!$B$6,Escalas!$B$7)) -> 8 | K9: =IF(J9>=Escalas!$B$8,"Crítica",IF(J9>=Escalas!$B$9,"Alta",IF(J9>=Escalas!$B$10,"Media","Baja"))) -> Alta | L9: Su filtración junto con la llave permite generar códigos válidos. | M9: Responsable del proyecto | N9: Administrador de base de datos | O9: Servicio de autenticación (API)
A10: A-06 | B10: Registros de auditoría | C10: Auditoría y detección | D10: Eventos de escritura, accesos rechazados y fallos de MFA, con retención de 90 días. | E10: Información | F10: Local | G10: M | H10: A | I10: M | J10: =IF(G10="A",Escalas!$B$5,IF(G10="M",Escalas!$B$6,Escalas!$B$7))+IF(H10="A",Escalas!$B$5,IF(H10="M",Escalas!$B$6,Escalas!$B$7))+IF(I10="A",Escalas!$B$5,IF(I10="M",Escalas!$B$6,Escalas!$B$7)) -> 7 | K10: =IF(J10>=Escalas!$B$8,"Crítica",IF(J10>=Escalas!$B$9,"Alta",IF(J10>=Escalas!$B$10,"Media","Baja"))) -> Alta | L10: Es la evidencia forense; su alteración permite el repudio. | M10: Responsable de seguridad | N10: Administrador de base de datos | O10: Administrador con MFA
A11: A-07 | B11: Secretos de la aplicación | C11: Operación segura | D11: JWT_SECRET, MFA_ENC_KEY y claves de la base de datos (archivo .env; en la nube, Secrets Manager). | E11: Información | F11: Local | G11: A | H11: A | I11: A | J11: =IF(G11="A",Escalas!$B$5,IF(G11="M",Escalas!$B$6,Escalas!$B$7))+IF(H11="A",Escalas!$B$5,IF(H11="M",Escalas!$B$6,Escalas!$B$7))+IF(I11="A",Escalas!$B$5,IF(I11="M",Escalas!$B$6,Escalas!$B$7)) -> 9 | K11: =IF(J11>=Escalas!$B$8,"Crítica",IF(J11>=Escalas!$B$9,"Alta",IF(J11>=Escalas!$B$10,"Media","Baja"))) -> Crítica | L11: Su filtración permite falsificar sesiones y descifrar semillas; su pérdida invalida el MFA. | M11: Responsable del proyecto | N11: DevSecOps | O11: DevSecOps; contenedor de la API
A12: A-08 | B12: Sesiones y tokens (cookies) | C12: Gestión de sesión | D12: Cookie JWT de 30 minutos y cookie temporal de verificación MFA de 5 minutos. | E12: Información | F12: Local | G12: A | H12: A | I12: B | J12: =IF(G12="A",Escalas!$B$5,IF(G12="M",Escalas!$B$6,Escalas!$B$7))+IF(H12="A",Escalas!$B$5,IF(H12="M",Escalas!$B$6,Escalas!$B$7))+IF(I12="A",Escalas!$B$5,IF(I12="M",Escalas!$B$6,Escalas!$B$7)) -> 7 | K12: =IF(J12>=Escalas!$B$8,"Crítica",IF(J12>=Escalas!$B$9,"Alta",IF(J12>=Escalas!$B$10,"Media","Baja"))) -> Alta | L12: Su robo equivale a suplantar al usuario mientras dure la sesión. | M12: Cada usuario | N12: Servicio de autenticación (API) | O12: Navegador del usuario; API
A13: A-09 | B13: API (Node.js y Express) | C13: Lógica de negocio | D13: Código y ejecución del servidor: autenticación, roles, posts, imágenes y auditoría. | E13: Software | F13: Local | G13: M | H13: A | I13: A | J13: =IF(G13="A",Escalas!$B$5,IF(G13="M",Escalas!$B$6,Escalas!$B$7))+IF(H13="A",Escalas!$B$5,IF(H13="M",Escalas!$B$6,Escalas!$B$7))+IF(I13="A",Escalas!$B$5,IF(I13="M",Escalas!$B$6,Escalas!$B$7)) -> 8 | K13: =IF(J13>=Escalas!$B$8,"Crítica",IF(J13>=Escalas!$B$9,"Alta",IF(J13>=Escalas!$B$10,"Media","Baja"))) -> Alta | L13: Concentra todas las reglas de seguridad; si cae o se altera, cae todo el servicio. | M13: Responsable del proyecto | N13: DevSecOps | O13: Frontend, WAF; administración por CI/CD
A14: A-10 | B14: Frontend (React) | C14: Interfaz de usuario | D14: Aplicación web que consume la API y muestra el contenido. | E14: Software | F14: Local | G14: B | H14: A | I14: M | J14: =IF(G14="A",Escalas!$B$5,IF(G14="M",Escalas!$B$6,Escalas!$B$7))+IF(H14="A",Escalas!$B$5,IF(H14="M",Escalas!$B$6,Escalas!$B$7))+IF(I14="A",Escalas!$B$5,IF(I14="M",Escalas!$B$6,Escalas!$B$7)) -> 6 | K14: =IF(J14>=Escalas!$B$8,"Crítica",IF(J14>=Escalas!$B$9,"Alta",IF(J14>=Escalas!$B$10,"Media","Baja"))) -> Media | L14: Es público; su integridad evita XSS y suplantación visual. | M14: Responsable del proyecto | N14: DevSecOps | O14: Todos los usuarios
A15: A-11 | B15: Dependencias de terceros (npm) | C15: Desarrollo | D15: Librerías de la API y del frontend, fijadas con package-lock. | E15: Software | F15: Repositorio | G15: B | H15: A | I15: M | J15: =IF(G15="A",Escalas!$B$5,IF(G15="M",Escalas!$B$6,Escalas!$B$7))+IF(H15="A",Escalas!$B$5,IF(H15="M",Escalas!$B$6,Escalas!$B$7))+IF(I15="A",Escalas!$B$5,IF(I15="M",Escalas!$B$6,Escalas!$B$7)) -> 6 | K15: =IF(J15>=Escalas!$B$8,"Crítica",IF(J15>=Escalas!$B$9,"Alta",IF(J15>=Escalas!$B$10,"Media","Baja"))) -> Media | L15: Un componente comprometido ejecuta código con los privilegios de la aplicación. | M15: Responsable del proyecto | N15: DevSecOps | O15: Desarrollador; CI/CD
A16: A-12 | B16: Repositorio de código (GitHub) | C16: Desarrollo y versionado | D16: Código, historial, documentación y evidencias. | E16: Software | F16: Repositorio | G16: M | H16: A | I16: M | J16: =IF(G16="A",Escalas!$B$5,IF(G16="M",Escalas!$B$6,Escalas!$B$7))+IF(H16="A",Escalas!$B$5,IF(H16="M",Escalas!$B$6,Escalas!$B$7))+IF(I16="A",Escalas!$B$5,IF(I16="M",Escalas!$B$6,Escalas!$B$7)) -> 7 | K16: =IF(J16>=Escalas!$B$8,"Crítica",IF(J16>=Escalas!$B$9,"Alta",IF(J16>=Escalas!$B$10,"Media","Baja"))) -> Alta | L16: Un cambio no autorizado llegaría a producción; el código es privado. | M16: Responsable del proyecto | N16: Propietario del repositorio | O16: Desarrollador; Dependabot; Actions
... A28: A-24 | B28: Reputación y confianza en el sitio publicado | C28: Imagen institucional | D28: Confianza de los lectores en el contenido y en la protección de sus datos. | E28: Empresa | F28: Local | G28: B | H28: A | I28: M | J28: =IF(G28="A",Escalas!$B$5,IF(G28="M",Escalas!$B$6,Escalas!$B$7))+IF(H28="A",Escalas!$B$5,IF(H28="M",Escalas!$B$6,Escalas!$B$7))+IF(I28="A",Escalas!$B$5,IF(I28="M",Escalas!$B$6,Escalas!$B$7)) -> 6 | K28: =IF(J28>=Escalas!$B$8,"Crítica",IF(J28>=Escalas!$B$9,"Alta",IF(J28>=Escalas!$B$10,"Media","Baja"))) -> Media | L28: Un defacement o una filtración dañaría la credibilidad del sitio. | M28: Responsable del proyecto | N28: Responsable del proyecto | O28: No aplica
B30: Resumen de criticidad | C30: Activos
B31: Crítica | C31: =COUNTIF($K$5:$K$28,B31) -> 4
B32: Alta | C32: =COUNTIF($K$5:$K$28,B32) -> 14
B33: Media | C33: =COUNTIF($K$5:$K$28,B33) -> 6
B34: Baja | C34: =COUNTIF($K$5:$K$28,B34) -> 0
B35: Total | C35: =SUM(C31:C34) -> 24

Sheet STRIDE
A1: Modelado de amenazas con STRIDE
A2: Una X marca las categorías de cada amenaza. S Suplantación, T Manipulación, R Repudio, I Divulgación de información, D Denegación de servicio, E Elevación de privilegios.
A4: ID | B4: Amenaza | C4: Activos afectados | D4: S | E4: T | F4: R | G4: I | H4: D | I4: E | J4: Vector de ataque
A5: T-01 | B5: Adivinación o robo de contraseñas (fuerza bruta y credential stuffing) | C5: A-01, A-16 | D5: X | J5: Intentos automáticos de inicio de sesión con listas de contraseñas filtradas.
A6: T-02 | B6: Fuerza bruta del segundo factor (código TOTP de 6 dígitos) | C6: A-16, A-05 | D6: X | J6: Probar códigos con la contraseña ya conocida.
A7: T-03 | B7: Reutilización (replay) de un código TOTP interceptado | C7: A-16 | D7: X | J7: Presentar de nuevo un código observado.
A8: T-04 | B8: Robo de sesión por XSS (cookie accesible por JavaScript) | C8: A-08, A-10 | D8: X | G8: X | J8: Script inyectado que lee la cookie y la envía a un atacante.
A9: T-05 | B9: XSS almacenado en el contenido Markdown | C9: A-03, A-10 | E9: X | I9: X | J9: Un editor o atacante guarda HTML o enlaces javascript: que se ejecutan al leerlo.
A10: T-06 | B10: Inyección NoSQL en inicio de sesión y consultas | C10: A-14, A-16 | E10: X | G10: X | I10: X | J10: Operadores como $ne en el cuerpo o en la URL para saltar la autenticación.
A11: T-07 | B11: Acceso a recursos ajenos (IDOR o BOLA en posts e imágenes) | C11: A-03, A-04 | E11: X | G11: X | J11: Cambiar el identificador en la URL para leer, editar o borrar lo de otro usuario.
A12: T-08 | B12: Escalada de privilegios a administrador (asignación masiva o rol manipulado) | C12: A-16, A-01 | I12: X | J12: Enviar el campo role al registrarse o forzar un cambio de rol.
A13: T-09 | B13: Subida de archivos maliciosos (SVG con script, políglotas) | C13: A-04, A-09 | E13: X | I13: X | J13: Subir un archivo disfrazado de imagen para ejecutar código o servir contenido activo.
A14: T-10 | B14: Path traversal al descargar imágenes | C14: A-04 | G14: X | J14: Nombres de archivo con ../ para leer archivos del servidor.
A15: T-11 | B15: Enumeración de usuarios por el mensaje de correo ya registrado | C15: A-02 | G15: X | J15: Registrar correos para saber cuáles existen.
A16: T-12 | B16: Fuga de secretos en el repositorio o su historial | C16: A-07, A-12 | G16: X | J16: Subir por error un .env o claves al código.
A17: T-13 | B17: Fuga de la base de datos con hashes y semillas MFA | C17: A-05, A-01, A-14 | G17: X | J17: Acceso indebido a los datos almacenados.
A18: T-14 | B18: Acciones sin trazabilidad (repudio) | C18: A-06, A-16 | F18: X | J18: Un usuario niega haber hecho una acción y no hay evidencia.
A19: T-15 | B19: Alteración o borrado de los registros de auditoría | C19: A-06 | E19: X | F19: X | J19: Un atacante con acceso a la aplicación borra sus huellas.
A20: T-16 | B20: Denegación de servicio por volumen de peticiones | C20: A-15, A-09, A-14 | H20: X | J20: Inundar la aplicación con peticiones o cuerpos grandes.
A21: T-17 | B21: Bloqueo intencional de una cuenta ajena (abuso del bloqueo de MFA) | C21: A-16, A-21 | H21: X | J21: Fallar el código a propósito para bloquear al administrador.
A22: T-18 | B22: Dependencias de terceros vulnerables o comprometidas | C22: A-11 | E22: X | I22: X | J22: Una librería con una vulnerabilidad conocida o un paquete malicioso.
A23: T-19 | B23: Imágenes de contenedor con vulnerabilidades conocidas | C23: A-18, A-17 | E23: X | I23: X | J23: Explotar un paquete desactualizado de la imagen base.
A24: T-20 | B24: Compromiso del pipeline CI/CD o de acciones de terceros | C24: A-13, A-12 | E24: X | I24: X | J24: Una acción comprometida o credenciales robadas alteran el flujo.
A25: T-21 | B25: Exposición directa de la base de datos o de la API a la red | C25: A-14, A-17 | G25: X | I25: X | J25: Conectarse a los puertos de MongoDB o de la API desde fuera.
A26: T-22 | B26: Escape de contenedor o ejecución como root | C26: A-17, A-18 | I26: X | J26: Aprovechar un fallo para salir del contenedor o escalar dentro de él.
A27: T-23 | B27: Interceptación del tráfico (hombre en el medio) | C27: A-08, A-19 | G27: X | J27: Capturar el tráfico entre navegador y servidor.
A28: T-24 | B28: Configuración insegura de la nube (recursos públicos, permisos amplios) | C28: A-19, A-20 | G28: X | I28: X | J28: Un bucket o puerto abierto por error en la infraestructura.
A29: T-25 | B29: Pérdida de datos por falla o corrupción de la base (sin respaldo automático) | C29: A-14, A-03 | H29: X | J29: Fallo del disco, borrado accidental o corrupción.
A30: T-26 | B30: Pérdida o robo del dispositivo con el segundo factor del administrador | C30: A-21, A-22 | D30: X | H30: X | J30: Perder el teléfono con la app autenticadora.
A31: T-27 | B31: Phishing con proxy en tiempo real que captura el código TOTP | C31: A-21 | D31: X | J31: Una página falsa reenvía las credenciales y el código al sitio real.
A32: T-28 | B32: Ataques desde el navegador: CSRF y clickjacking | C32: A-08, A-10 | E32: X | I32: X | J32: Acciones forzadas desde otro sitio o la página incrustada en un marco.
A33: T-29 | B33: Fuga de la IP o datos del lector por imágenes externas en un post | C33: A-03 | G33: X | J33: Un post con imágenes alojadas en un servidor del atacante.
B35: Amenazas por categoría | D35: =COUNTIF(D5:D33,"X") -> 6 | E35: =COUNTIF(E5:E33,"X") -> 9 | F35: =COUNTIF(F5:F33,"X") -> 2 | G35: =COUNTIF(G5:G33,"X") -> 11 | H35: =COUNTIF(H5:H33,"X") -> 4 | I35: =COUNTIF(I5:I33,"X") -> 11

Sheet DREAD
A1: Puntaje DREAD por amenaza (sin considerar los controles)
A2: Cada factor de 1 a 10 (ver definiciones en Escalas). Los puntajes en azul se pueden ajustar; el promedio y el nivel se recalculan.
A4: ID | B4: Amenaza | C4: Daño (D) | D4: Reproducibilidad (R) | E4: Explotabilidad (E) | F4: Usuarios afectados (A) | G4: Descubribilidad (D) | H4: Promedio | I4: Nivel | J4: Justificación
A5: =STRIDE!A5 -> T-01 | B5: =STRIDE!B5 -> Adivinación o robo de contraseñas (fuerza bruta y credential stuffing) | C5: 7 | D5: 9 | E5: 7 | F5: 6 | G5: 8 | H5: =AVERAGE(C5:G5) -> 7.4 | I5: =IF(H5>=Escalas!$B$11,"Alto",IF(H5>=Escalas!$B$12,"Medio","Bajo")) -> Alto | J5: Sin límites ni MFA cualquier cuenta con clave débil cae, y el ataque se repite sin esfuerzo.
A6: =STRIDE!A6 -> T-02 | B6: =STRIDE!B6 -> Fuerza bruta del segundo factor (código TOTP de 6 dígitos) | C6: 8 | D6: 5 | E6: 5 | F6: 3 | G6: 6 | H6: =AVERAGE(C6:G6) -> 5.4 | I6: =IF(H6>=Escalas!$B$11,"Alto",IF(H6>=Escalas!$B$12,"Medio","Bajo")) -> Medio | J6: Daño alto si es el administrador, pero exige la contraseña y afecta una cuenta.
A7: =STRIDE!A7 -> T-03 | B7: =STRIDE!B7 -> Reutilización (replay) de un código TOTP interceptado | C7: 8 | D7: 4 | E7: 4 | F7: 2 | G7: 4 | H7: =AVERAGE(C7:G7) -> 4.4 | I7: =IF(H7>=Escalas!$B$11,"Alto",IF(H7>=Escalas!$B$12,"Medio","Bajo")) -> Medio | J7: Ventana corta y requiere haber interceptado el código.
A8: =STRIDE!A8 -> T-04 | B8: =STRIDE!B8 -> Robo de sesión por XSS (cookie accesible por JavaScript) | C8: 9 | D8: 7 | E8: 6 | F8: 8 | G8: 7 | H8: =AVERAGE(C8:G8) -> 7.4 | I8: =IF(H8>=Escalas!$B$11,"Alto",IF(H8>=Escalas!$B$12,"Medio","Bajo")) -> Alto | J8: Permite suplantar a cualquier usuario que vea el contenido.
A9: =STRIDE!A9 -> T-05 | B9: =STRIDE!B9 -> XSS almacenado en el contenido Markdown | C9: 8 | D9: 9 | E9: 8 | F9: 9 | G9: 8 | H9: =AVERAGE(C9:G9) -> 8.4 | I9: =IF(H9>=Escalas!$B$11,"Alto",IF(H9>=Escalas!$B$12,"Medio","Bajo")) -> Alto | J9: Se repite siempre, usa herramientas conocidas y afecta a todos los lectores.
A10: =STRIDE!A10 -> T-06 | B10: =STRIDE!B10 -> Inyección NoSQL en inicio de sesión y consultas | C10: 9 | D10: 8 | E10: 7 | F10: 9 | G10: 7 | H10: =AVERAGE(C10:G10) -> 8 | I10: =IF(H10>=Escalas!$B$11,"Alto",IF(H10>=Escalas!$B$12,"Medio","Bajo")) -> Alto | J10: Puede omitir la autenticación y leer datos de todos.
A11: =STRIDE!A11 -> T-07 | B11: =STRIDE!B11 -> Acceso a recursos ajenos (IDOR o BOLA en posts e imágenes) | C11: 6 | D11: 9 | E11: 8 | F11: 6 | G11: 7 | H11: =AVERAGE(C11:G11) -> 7.2 | I11: =IF(H11>=Escalas!$B$11,"Alto",IF(H11>=Escalas!$B$12,"Medio","Bajo")) -> Alto | J11: Es trivial de intentar y afecta a los usuarios con contenido propio.
A12: =STRIDE!A12 -> T-08 | B12: =STRIDE!B12 -> Escalada de privilegios a administrador (asignación masiva o rol manipulado) | C12: 10 | D12: 6 | E12: 5 | F12: 10 | G12: 6 | H12: =AVERAGE(C12:G12) -> 7.4 | I12: =IF(H12>=Escalas!$B$11,"Alto",IF(H12>=Escalas!$B$12,"Medio","Bajo")) -> Alto | J12: Otorga control total del sistema a cualquiera que lo consiga.
A13: =STRIDE!A13 -> T-09 | B13: =STRIDE!B13 -> Subida de archivos maliciosos (SVG con script, políglotas) | C13: 8 | D13: 8 | E13: 6 | F13: 7 | G13: 6 | H13: =AVERAGE(C13:G13) -> 7 | I13: =IF(H13>=Escalas!$B$11,"Alto",IF(H13>=Escalas!$B$12,"Medio","Bajo")) -> Alto | J13: Es repetible y, si el archivo se ejecuta, afecta a todos los lectores.
A14: =STRIDE!A14 -> T-10 | B14: =STRIDE!B14 -> Path traversal al descargar imágenes | C14: 7 | D14: 7 | E14: 5 | F14: 7 | G14: 6 | H14: =AVERAGE(C14:G14) -> 6.4 | I14: =IF(H14>=Escalas!$B$11,"Alto",IF(H14>=Escalas!$B$12,"Medio","Bajo")) -> Medio | J14: Permitiría leer archivos del sistema, pero el vector es poco visible.
A15: =STRIDE!A15 -> T-11 | B15: =STRIDE!B15 -> Enumeración de usuarios por el mensaje de correo ya registrado | C15: 3 | D15: 10 | E15: 8 | F15: 5 | G15: 8 | H15: =AVERAGE(C15:G15) -> 6.8 | I15: =IF(H15>=Escalas!$B$11,"Alto",IF(H15>=Escalas!$B$12,"Medio","Bajo")) -> Medio | J15: Fácil y repetible, con daño bajo; solo revela existencia de cuentas.
A16: =STRIDE!A16 -> T-12 | B16: =STRIDE!B16 -> Fuga de secretos en el repositorio o su historial | C16: 9 | D16: 6 | E16: 6 | F16: 10 | G16: 5 | H16: =AVERAGE(C16:G16) -> 7.2 | I16: =IF(H16>=Escalas!$B$11,"Alto",IF(H16>=Escalas!$B$12,"Medio","Bajo")) -> Alto | J16: Una clave filtrada compromete toda la aplicación.
... A33: =STRIDE!A33 -> T-29 | B33: =STRIDE!B33 -> Fuga de la IP o datos del lector por imágenes externas en un post | C33: 3 | D33: 8 | E33: 7 | F33: 6 | G33: 6 | H33: =AVERAGE(C33:G33) -> 6 | I33: =IF(H33>=Escalas!$B$11,"Alto",IF(H33>=Escalas!$B$12,"Medio","Bajo")) -> Medio | J33: Revela la IP del lector, con daño bajo.
B35: Amenazas por nivel DREAD | C35: Cantidad
B36: Alto | C36: =COUNTIF($I$5:$I$33,B36) -> 11
B37: Medio | C37: =COUNTIF($I$5:$I$33,B37) -> 17
B38: Bajo | C38: =COUNTIF($I$5:$I$33,B38) -> 1

Sheet Matriz
A1: Matriz de riesgos: inicial (inherente) y residual
A2: Probabilidad e impacto iniciales se calculan desde DREAD. Las celdas amarillas son el residual y el tratamiento propuestos en la etapa 13 con base en las pruebas; revisalos y ajustalos.
A4: ID | B4: Amenaza | C4: Tipo de riesgo | D4: Impacto principal | E4: Probabilidad inicial (1-5) | F4: Impacto inicial (1-5) | G4: Riesgo inicial | H4: Nivel inicial | I4: Controles implementados | J4: Evidencia | K4: Probabilidad residual (1-5) | L4: Impacto residual (1-5) | M4: Riesgo residual | N4: Nivel residual | O4: Tratamiento | P4: Acción y justificación del tratamiento | Q4: Estado
A5: =STRIDE!A5 -> T-01 | B5: =STRIDE!B5 -> Adivinación o robo de contraseñas (fuerza bruta y credential stuffing) | C5: Seguridad | D5: Reputacional | E5: =MIN(5,MAX(1,ROUND(AVERAGE(DREAD!D5,DREAD!E5,DREAD!G5)/Escalas!$B$16,0))) -> 4 | F5: =MIN(5,MAX(1,ROUND(AVERAGE(DREAD!C5,DREAD!F5)/Escalas!$B$16,0))) -> 3 | G5: =E5*F5 -> 12 | H5: =IF(G5>=Escalas!$B$13,"Crítico",IF(G5>=Escalas!$B$14,"Alto",IF(G5>=Escalas!$B$15,"Medio","Bajo"))) -> Alto | I5: Argon2id; clave de 10 o más caracteres; límite de 5 intentos fallidos cada 15 minutos; MFA TOTP; respuesta uniforme con hash falso para igualar tiempos. | J5: Fase 2, prueba 11 (429); etapa 7B; auditoría de intentos. | K5: 2 | L5: 3 | M5: =IF(OR(K5="",L5=""),"",K5*L5) -> 6 | N5: =IF(M5="","",IF(M5>=Escalas!$B$13,"Crítico",IF(M5>=Escalas!$B$14,"Alto",IF(M5>=Escalas!$B$15,"Medio","Bajo")))) -> Medio | O5: Mitigar | P5: Argon2id, límite de 5 fallos por 15 min, MFA en admin y, desde v1.1, rechazo de contraseñas comunes. Quedan las claves reutilizadas de otros sitios. | Q5: Implementado
A6: =STRIDE!A6 -> T-02 | B6: =STRIDE!B6 -> Fuerza bruta del segundo factor (código TOTP de 6 dígitos) | C6: Seguridad | D6: Operacional | E6: =MIN(5,MAX(1,ROUND(AVERAGE(DREAD!D6,DREAD!E6,DREAD!G6)/Escalas!$B$16,0))) -> 3 | F6: =MIN(5,MAX(1,ROUND(AVERAGE(DREAD!C6,DREAD!F6)/Escalas!$B$16,0))) -> 3 | G6: =E6*F6 -> 9 | H6: =IF(G6>=Escalas!$B$13,"Crítico",IF(G6>=Escalas!$B$14,"Alto",IF(G6>=Escalas!$B$15,"Medio","Bajo"))) -> Medio | I6: Límite de 5 intentos por IP; bloqueo de la cuenta 15 minutos tras 5 fallos (contador atómico); token temporal de 5 minutos. | J6: Etapa 7B: 5 respuestas 401 y luego 429; auditoría. | K6: 1 | L6: 3 | M6: =IF(OR(K6="",L6=""),"",K6*L6) -> 3 | N6: =IF(M6="","",IF(M6>=Escalas!$B$13,"Crítico",IF(M6>=Escalas!$B$14,"Alto",IF(M6>=Escalas!$B$15,"Medio","Bajo")))) -> Bajo | O6: Mitigar | P6: Bloqueo de la cuenta por 15 min tras 5 fallos y límite por IP. | Q6: Implementado
A7: =STRIDE!A7 -> T-03 | B7: =STRIDE!B7 -> Reutilización (replay) de un código TOTP interceptado | C7: Seguridad | D7: Operacional | E7: =MIN(5,MAX(1,ROUND(AVERAGE(DREAD!D7,DREAD!E7,DREAD!G7)/Escalas!$B$16,0))) -> 2 | F7: =MIN(5,MAX(1,ROUND(AVERAGE(DREAD!C7,DREAD!F7)/Escalas!$B$16,0))) -> 3 | G7: =E7*F7 -> 6 | H7: =IF(G7>=Escalas!$B$13,"Crítico",IF(G7>=Escalas!$B$14,"Alto",IF(G7>=Escalas!$B$15,"Medio","Bajo"))) -> Medio | I7: Rechazo del mismo código durante 90 segundos. | J7: Etapa 7B: el segundo uso responde Código inválido. | K7: 1 | L7: 3 | M7: =IF(OR(K7="",L7=""),"",K7*L7) -> 3 | N7: =IF(M7="","",IF(M7>=Escalas!$B$13,"Crítico",IF(M7>=Escalas!$B$14,"Alto",IF(M7>=Escalas!$B$15,"Medio","Bajo")))) -> Bajo | O7: Mitigar | P7: El mismo código se rechaza durante 90 segundos. | Q7: Implementado
A8: =STRIDE!A8 -> T-04 | B8: =STRIDE!B8 -> Robo de sesión por XSS (cookie accesible por JavaScript) | C8: Software | D8: Reputacional | E8: =MIN(5,MAX(1,ROUND(AVERAGE(DREAD!D8,DREAD!E8,DREAD!G8)/Escalas!$B$16,0))) -> 3 | F8: =MIN(5,MAX(1,ROUND(AVERAGE(DREAD!C8,DREAD!F8)/Escalas!$B$16,0))) -> 4 | G8: =E8*F8 -> 12 | H8: =IF(G8>=Escalas!$B$13,"Crítico",IF(G8>=Escalas!$B$14,"Alto",IF(G8>=Escalas!$B$15,"Medio","Bajo"))) -> Alto | I8: Cookie HttpOnly, Secure y SameSite Strict; sin localStorage; CSP estricta; WAF. | J8: Fase 4: document.cookie vacío; captura de la cookie. | K8: 1 | L8: 4 | M8: =IF(OR(K8="",L8=""),"",K8*L8) -> 4 | N8: =IF(M8="","",IF(M8>=Escalas!$B$13,"Crítico",IF(M8>=Escalas!$B$14,"Alto",IF(M8>=Escalas!$B$15,"Medio","Bajo")))) -> Bajo | O8: Mitigar | P8: Cookie HttpOnly, Secure y SameSite Strict, CSP estricta y, desde v1.1, revocación del token al cerrar sesión (H-05). | Q8: Implementado
A9: =STRIDE!A9 -> T-05 | B9: =STRIDE!B9 -> XSS almacenado en el contenido Markdown | C9: Software | D9: Reputacional | E9: =MIN(5,MAX(1,ROUND(AVERAGE(DREAD!D9,DREAD!E9,DREAD!G9)/Escalas!$B$16,0))) -> 4 | F9: =MIN(5,MAX(1,ROUND(AVERAGE(DREAD!C9,DREAD!F9)/Escalas!$B$16,0))) -> 4 | G9: =E9*F9 -> 16 | H9: =IF(G9>=Escalas!$B$13,"Crítico",IF(G9>=Escalas!$B$14,"Alto",IF(G9>=Escalas!$B$15,"Medio","Bajo"))) -> Alto | I9: react-markdown sin HTML crudo; neutraliza URL javascript:; CSP; WAF (reglas XSS); enlaces con noopener. | J9: Fase 4: post Prueba XSS sin alert; WAF 403 (etapa 8B). | K9: 1 | L9: 4 | M9: =IF(OR(K9="",L9=""),"",K9*L9) -> 4 | N9: =IF(M9="","",IF(M9>=Escalas!$B$13,"Crítico",IF(M9>=Escalas!$B$14,"Alto",IF(M9>=Escalas!$B$15,"Medio","Bajo")))) -> Bajo | O9: Mitigar | P9: Markdown sin HTML crudo, CSP y reglas XSS del WAF; prueba con post malicioso sin ejecución. | Q9: Implementado
A10: =STRIDE!A10 -> T-06 | B10: =STRIDE!B10 -> Inyección NoSQL en inicio de sesión y consultas | C10: Software | D10: Legal | E10: =MIN(5,MAX(1,ROUND(AVERAGE(DREAD!D10,DREAD!E10,DREAD!G10)/Escalas!$B$16,0))) -> 4 | F10: =MIN(5,MAX(1,ROUND(AVERAGE(DREAD!C10,DREAD!F10)/Escalas!$B$16,0))) -> 5 | G10: =E10*F10 -> 20 | H10: =IF(G10>=Escalas!$B$13,"Crítico",IF(G10>=Escalas!$B$14,"Alto",IF(G10>=Escalas!$B$15,"Medio","Bajo"))) -> Crítico | I10: Validación Zod estricta; sanitizeFilter de Mongoose; identificadores validados; WAF (regla 942290). | J10: Etapa 8B, prueba 8 (403); Fase 2, validaciones. | K10: 1 | L10: 5 | M10: =IF(OR(K10="",L10=""),"",K10*L10) -> 5 | N10: =IF(M10="","",IF(M10>=Escalas!$B$13,"Crítico",IF(M10>=Escalas!$B$14,"Alto",IF(M10>=Escalas!$B$15,"Medio","Bajo")))) -> Medio | O10: Mitigar | P10: Zod estricto, sanitizeFilter y WAF (403 en la prueba). El impacto sigue severo si algo fallara. | Q10: Implementado
A11: =STRIDE!A11 -> T-07 | B11: =STRIDE!B11 -> Acceso a recursos ajenos (IDOR o BOLA en posts e imágenes) | C11: Software | D11: Legal | E11: =MIN(5,MAX(1,ROUND(AVERAGE(DREAD!D11,DREAD!E11,DREAD!G11)/Escalas!$B$16,0))) -> 4 | F11: =MIN(5,MAX(1,ROUND(AVERAGE(DREAD!C11,DREAD!F11)/Escalas!$B$16,0))) -> 3 | G11: =E11*F11 -> 12 | H11: =IF(G11>=Escalas!$B$13,"Crítico",IF(G11>=Escalas!$B$14,"Alto",IF(G11>=Escalas!$B$15,"Medio","Bajo"))) -> Alto | I11: Verificación de dueño en cada operación; identificadores validados; respuesta 403 y registro. | J11: Fase 3, pruebas 7 a 9; Fase 6, prueba 10. | K11: 1 | L11: 3 | M11: =IF(OR(K11="",L11=""),"",K11*L11) -> 3 | N11: =IF(M11="","",IF(M11>=Escalas!$B$13,"Crítico",IF(M11>=Escalas!$B$14,"Alto",IF(M11>=Escalas!$B$15,"Medio","Bajo")))) -> Bajo | O11: Mitigar | P11: Control de dueño en cada operación; 41 de 41 pruebas de autorización en OK. | Q11: Implementado
A12: =STRIDE!A12 -> T-08 | B12: =STRIDE!B12 -> Escalada de privilegios a administrador (asignación masiva o rol manipulado) | C12: Seguridad | D12: Operacional | E12: =MIN(5,MAX(1,ROUND(AVERAGE(DREAD!D12,DREAD!E12,DREAD!G12)/Escalas!$B$16,0))) -> 3 | F12: =MIN(5,MAX(1,ROUND(AVERAGE(DREAD!C12,DREAD!F12)/Escalas!$B$16,0))) -> 5 | G12: =E12*F12 -> 15 | H12: =IF(G12>=Escalas!$B$13,"Crítico",IF(G12>=Escalas!$B$14,"Alto",IF(G12>=Escalas!$B$15,"Medio","Bajo"))) -> Alto | I12: Esquemas estrictos que rechazan role; rol leído de la base en cada petición; cambio de rol solo por admin y nunca el propio; MFA obligatorio para admin. | J12: Fase 2, prueba 3 (400); Fase 5, pruebas 1 a 7; etapa 7B. | K12: 1 | L12: 5 | M12: =IF(OR(K12="",L12=""),"",K12*L12) -> 5 | N12: =IF(M12="","",IF(M12>=Escalas!$B$13,"Crítico",IF(M12>=Escalas!$B$14,"Alto",IF(M12>=Escalas!$B$15,"Medio","Bajo")))) -> Medio | O12: Mitigar | P12: Esquemas estrictos, rol leído de la base, MFA obligatorio para admin y token firmado; pruebas S-03 a S-05 y Z-09 en OK. | Q12: Implementado
A13: =STRIDE!A13 -> T-09 | B13: =STRIDE!B13 -> Subida de archivos maliciosos (SVG con script, políglotas) | C13: Software | D13: Operacional | E13: =MIN(5,MAX(1,ROUND(AVERAGE(DREAD!D13,DREAD!E13,DREAD!G13)/Escalas!$B$16,0))) -> 3 | F13: =MIN(5,MAX(1,ROUND(AVERAGE(DREAD!C13,DREAD!F13)/Escalas!$B$16,0))) -> 4 | G13: =E13*F13 -> 12 | H13: =IF(G13>=Escalas!$B$13,"Crítico",IF(G13>=Escalas!$B$14,"Alto",IF(G13>=Escalas!$B$15,"Medio","Bajo"))) -> Alto | I13: Validación por contenido (file-type); solo PNG, JPG y WEBP; 2 MB; nombre UUID; nosniff y CSP sandbox; límite de 20 subidas por hora; solo editor o admin. | J13: Fase 6, pruebas 4 a 8 (415, 413, 400). | K13: 1 | L13: 4 | M13: =IF(OR(K13="",L13=""),"",K13*L13) -> 4 | N13: =IF(M13="","",IF(M13>=Escalas!$B$13,"Crítico",IF(M13>=Escalas!$B$14,"Alto",IF(M13>=Escalas!$B$15,"Medio","Bajo")))) -> Bajo | O13: Mitigar | P13: Validación por contenido, solo PNG, JPG y WEBP, 2 MB y nombre UUID; pruebas U-01 a U-04 en OK. | Q13: Implementado
A14: =STRIDE!A14 -> T-10 | B14: =STRIDE!B14 -> Path traversal al descargar imágenes | C14: Software | D14: Legal | E14: =MIN(5,MAX(1,ROUND(AVERAGE(DREAD!D14,DREAD!E14,DREAD!G14)/Escalas!$B$16,0))) -> 3 | F14: =MIN(5,MAX(1,ROUND(AVERAGE(DREAD!C14,DREAD!F14)/Escalas!$B$16,0))) -> 4 | G14: =E14*F14 -> 12 | H14: =IF(G14>=Escalas!$B$13,"Crítico",IF(G14>=Escalas!$B$14,"Alto",IF(G14>=Escalas!$B$15,"Medio","Bajo"))) -> Alto | I14: Expresión regular de UUID con extensión permitida; carpeta raíz fija; dotfiles denegados. | J14: Fase 6, prueba 9 (404); Semgrep: falso positivo justificado. | K14: 1 | L14: 3 | M14: =IF(OR(K14="",L14=""),"",K14*L14) -> 3 | N14: =IF(M14="","",IF(M14>=Escalas!$B$13,"Crítico",IF(M14>=Escalas!$B$14,"Alto",IF(M14>=Escalas!$B$15,"Medio","Bajo")))) -> Bajo | O14: Mitigar | P14: Nombre validado con expresión regular y carpeta raíz fija; Semgrep lo marca como falso positivo justificado. | Q14: Implementado
A15: =STRIDE!A15 -> T-11 | B15: =STRIDE!B15 -> Enumeración de usuarios por el mensaje de correo ya registrado | C15: Seguridad | D15: Legal | E15: =MIN(5,MAX(1,ROUND(AVERAGE(DREAD!D15,DREAD!E15,DREAD!G15)/Escalas!$B$16,0))) -> 4 | F15: =MIN(5,MAX(1,ROUND(AVERAGE(DREAD!C15,DREAD!F15)/Escalas!$B$16,0))) -> 2 | G15: =E15*F15 -> 8 | H15: =IF(G15>=Escalas!$B$13,"Crítico",IF(G15>=Escalas!$B$14,"Alto",IF(G15>=Escalas!$B$15,"Medio","Bajo"))) -> Medio | I15: Límite de 10 registros por hora por IP. Riesgo aceptado. | J15: Hallazgo de la Fase 2. | K15: 3 | L15: 2 | M15: =IF(OR(K15="",L15=""),"",K15*L15) -> 6 | N15: =IF(M15="","",IF(M15>=Escalas!$B$13,"Crítico",IF(M15>=Escalas!$B$14,"Alto",IF(M15>=Escalas!$B$15,"Medio","Bajo")))) -> Medio | O15: Aceptar | P15: Costo de cambiar el mensaje (se pierde información útil al usuario) mayor que el daño; se limita a 10 registros por hora por IP. | Q15: Aceptado
A16: =STRIDE!A16 -> T-12 | B16: =STRIDE!B16 -> Fuga de secretos en el repositorio o su historial | C16: Seguridad | D16: Financiero | E16: =MIN(5,MAX(1,ROUND(AVERAGE(DREAD!D16,DREAD!E16,DREAD!G16)/Escalas!$B$16,0))) -> 3 | F16: =MIN(5,MAX(1,ROUND(AVERAGE(DREAD!C16,DREAD!F16)/Escalas!$B$16,0))) -> 5 | G16: =E16*F16 -> 15 | H16: =IF(G16>=Escalas!$B$13,"Crítico",IF(G16>=Escalas!$B$14,"Alto",IF(G16>=Escalas!$B$15,"Medio","Bajo"))) -> Alto | I16: .gitignore; .env.example sin valores; secretos generados al azar; Gitleaks en CI; en la nube, Secrets Manager. | J16: Gitleaks: 32 commits revisados, sin fugas. | K16: 1 | L16: 5 | M16: =IF(OR(K16="",L16=""),"",K16*L16) -> 5 | N16: =IF(M16="","",IF(M16>=Escalas!$B$13,"Crítico",IF(M16>=Escalas!$B$14,"Alto",IF(M16>=Escalas!$B$15,"Medio","Bajo")))) -> Medio | O16: Mitigar | P16: .gitignore, secretos generados al azar y Gitleaks en CI; 35 commits sin fugas reales. | Q16: Implementado
... A33: =STRIDE!A33 -> T-29 | B33: =STRIDE!B33 -> Fuga de la IP o datos del lector por imágenes externas en un post | C33: Software | D33: Legal | E33: =MIN(5,MAX(1,ROUND(AVERAGE(DREAD!D33,DREAD!E33,DREAD!G33)/Escalas!$B$16,0))) -> 4 | F33: =MIN(5,MAX(1,ROUND(AVERAGE(DREAD!C33,DREAD!F33)/Escalas!$B$16,0))) -> 2 | G33: =E33*F33 -> 8 | H33: =IF(G33>=Escalas!$B$13,"Crítico",IF(G33>=Escalas!$B$14,"Alto",IF(G33>=Escalas!$B$15,"Medio","Bajo"))) -> Medio | I33: El renderizador bloquea imágenes externas; CSP con img-src self. | J33: Fase 6: captura de [imagen externa bloqueada]. | K33: 1 | L33: 2 | M33: =IF(OR(K33="",L33=""),"",K33*L33) -> 2 | N33: =IF(M33="","",IF(M33>=Escalas!$B$13,"Crítico",IF(M33>=Escalas!$B$14,"Alto",IF(M33>=Escalas!$B$15,"Medio","Bajo")))) -> Bajo | O33: Evitar | P33: Se evitó la función: el renderizador bloquea las imágenes externas y la CSP solo permite img-src propio. | Q33: Implementado

Sheet Hallazgos
A1: Hallazgos de las pruebas de penetración y del pipeline DevSecOps
A2: Versión evaluada: v1.0-evaluada. Versión corregida: v1.1-remediada. DREAD de 1 a 10 en azul (los falsos positivos y lo fuera de alcance no se puntúan).
A4: ID | B4: Hallazgo | C4: Origen | D4: Amenaza | E4: Daño | F4: Reprod. | G4: Explot. | H4: Usuarios afect. | I4: Descubrib. | J4: Promedio DREAD | K4: Nivel | L4: Tratamiento | M4: Acción o decisión | N4: Estado en v1.0 | O4: Estado en v1.1 | P4: Evidencia
A5: H-01 | B5: TLS 1.2 habilitado junto con TLS 1.3 | C5: Nmap (ssl-enum-ciphers) | D5: T-23 | E5: 2 | F5: 5 | G5: 2 | H5: 5 | I5: 5 | J5: =IF(COUNT(E5:I5)=0,"",AVERAGE(E5:I5)) -> 3.8 | K5: =IF(J5="","",IF(J5>=Escalas!$B$11,"Alto",IF(J5>=Escalas!$B$12,"Medio","Bajo"))) -> Bajo | L5: Mitigar | M5: SSL_PROTOCOLS=TLSv1.3 en el WAF. Limitación: los clientes sin TLS 1.3 (Schannel de Windows) quedan fuera. | N5: Abierto | O5: Cerrado | P5: nmap-tls-8443.txt y verificacion-waf-v1.1.txt
A6: H-02 | B6: CORS permisivo en el WAF (origen y cabeceras con asterisco) | C6: Nmap (http-headers) | D6: T-28 | E6: 2 | F6: 6 | G6: 2 | H6: 3 | I6: 6 | J6: =IF(COUNT(E6:I6)=0,"",AVERAGE(E6:I6)) -> 3.8 | K6: =IF(J6="","",IF(J6>=Escalas!$B$11,"Alto",IF(J6>=Escalas!$B$12,"Medio","Bajo"))) -> Bajo | L6: Mitigar | M6: Variables CORS_HEADER_* con el origen propio, métodos acotados y solo Content-Type. | N6: Abierto | O6: Cerrado | P6: nmap-tls-8443.txt y verificacion-waf-v1.1.txt
A7: H-03 | B7: IIS en el puerto 80 del equipo anfitrión | C7: Nmap (puertos) | J7: =IF(COUNT(E7:I7)=0,"",AVERAGE(E7:I7)) | K7: =IF(J7="","",IF(J7>=Escalas!$B$11,"Alto",IF(J7>=Escalas!$B$12,"Medio","Bajo"))) | L7: Aceptar | M7: Fuera de alcance: pertenece al equipo del desarrollador, no al sistema evaluado. | N7: Observado | O7: Observado | P7: nmap-puertos.txt
A8: H-04 | B8: Se aceptan contraseñas muy comunes (1234567890) | C8: Caja gris (S-08) | D8: T-01 | E8: 6 | F8: 9 | G8: 6 | H8: 4 | I8: 7 | J8: =IF(COUNT(E8:I8)=0,"",AVERAGE(E8:I8)) -> 6.4 | K8: =IF(J8="","",IF(J8>=Escalas!$B$11,"Alto",IF(J8>=Escalas!$B$12,"Medio","Bajo"))) -> Medio | L8: Mitigar | M8: Lista de contraseñas comunes y reglas (utils/passwords.js), según NIST SP 800-63B. | N8: Abierto | O8: Cerrado | P8: caja-gris-v1.0 y v1.1 (S-08)
A9: H-05 | B9: Un token capturado sigue valiendo después de cerrar sesión | C9: Caja gris (S-10) | D9: T-04 | E9: 6 | F9: 7 | G9: 4 | H9: 3 | I9: 5 | J9: =IF(COUNT(E9:I9)=0,"",AVERAGE(E9:I9)) -> 5 | K9: =IF(J9="","",IF(J9>=Escalas!$B$11,"Alto",IF(J9>=Escalas!$B$12,"Medio","Bajo"))) -> Medio | L9: Mitigar | M9: Versión de tokens por usuario: cerrar sesión la incrementa y el token anterior se rechaza. | N9: Abierto | O9: Cerrado | P9: caja-gris-v1.0 y v1.1 (S-10)
A10: H-06 | B10: Sin límite global de peticiones en las lecturas | C10: Caja gris (E-05) | D10: T-16 | E10: 5 | F10: 8 | G10: 6 | H10: 8 | I10: 7 | J10: =IF(COUNT(E10:I10)=0,"",AVERAGE(E10:I10)) -> 6.8 | K10: =IF(J10="","",IF(J10>=Escalas!$B$11,"Alto",IF(J10>=Escalas!$B$12,"Medio","Bajo"))) -> Medio | L10: Mitigar | M10: Límite general de 120 peticiones por minuto por IP en toda la API. | N10: Abierto | O10: Cerrado | P10: caja-gris-v1.1 (E-05: 200 x61 y 429 x139)
A11: H-07 | B11: Faltan las cabeceras Cross-Origin (COEP, COOP y CORP) | C11: ZAP baseline | D11: T-28 | E11: 2 | F11: 5 | G11: 2 | H11: 3 | I11: 6 | J11: =IF(COUNT(E11:I11)=0,"",AVERAGE(E11:I11)) -> 3.6 | K11: =IF(J11="","",IF(J11>=Escalas!$B$11,"Alto",IF(J11>=Escalas!$B$12,"Medio","Bajo"))) -> Bajo | L11: Mitigar | M11: Tres cabeceras en la configuración de Nginx del frontend. | N11: Abierto | O11: Cerrado | P11: zap-caja-negra y verificacion-waf-v1.1.txt
A12: H-08 | B12: Directivas de caché (hallazgo informativo) | C12: ZAP baseline | E12: 1 | F12: 5 | G12: 2 | H12: 2 | I12: 6 | J12: =IF(COUNT(E12:I12)=0,"",AVERAGE(E12:I12)) -> 3.2 | K12: =IF(J12="","",IF(J12>=Escalas!$B$11,"Alto",IF(J12>=Escalas!$B$12,"Medio","Bajo"))) -> Bajo | L12: Aceptar | M12: Los archivos estáticos son cacheables por diseño y no contienen datos sensibles. | N12: Observado | O12: Aceptado | P12: zap-caja-negra
A13: H-09 | B13: body-parser, multer y zod con avisos HIGH (denegación de servicio) | C13: CI (npm audit y Trivy) | D13: T-18 | E13: 5 | F13: 7 | G13: 5 | H13: 9 | I13: 7 | J13: =IF(COUNT(E13:I13)=0,"",AVERAGE(E13:I13)) -> 6.6 | K13: =IF(J13="","",IF(J13>=Escalas!$B$11,"Alto",IF(J13>=Escalas!$B$12,"Medio","Bajo"))) -> Medio | L13: Mitigar | M13: npm audit fix en la API y el frontend; el flujo de CI volvió a verde. | N13: Abierto | O13: Cerrado | P13: Corrida #16 de Actions y commit d1c81e3
A14: H-10 | B14: Gitleaks marca una contraseña de prueba en el script de caja gris | C14: CI (Gitleaks) | D14: T-12 | J14: =IF(COUNT(E14:I14)=0,"",AVERAGE(E14:I14)) | K14: =IF(J14="","",IF(J14>=Escalas!$B$11,"Alto",IF(J14>=Escalas!$B$12,"Medio","Bajo"))) | L14: Aceptar | M14: Falso positivo: usuario local de prueba. Huella en .gitleaksignore y el script usa una variable. | N14: Abierto | O14: Cerrado | P14: .gitleaksignore
A15: H-11 | B15: AES-GCM sin longitud de tag de autenticación | C15: CI (Semgrep) | D15: T-13 | E15: 6 | F15: 3 | G15: 2 | H15: 3 | I15: 3 | J15: =IF(COUNT(E15:I15)=0,"",AVERAGE(E15:I15)) -> 3.4 | K15: =IF(J15="","",IF(J15>=Escalas!$B$11,"Alto",IF(J15>=Escalas!$B$12,"Medio","Bajo"))) -> Bajo | L15: Mitigar | M15: authTagLength de 16 bytes al cifrar y al descifrar, con validación del formato. | N15: Cerrado | O15: Cerrado | P15: Etapa 10; docs/hallazgos.md
A16: H-12 | B16: libtiff CVE-2026-4775 en la imagen del frontend | C16: CI (Trivy) | D16: T-19 | E16: 5 | F16: 3 | G16: 2 | H16: 5 | I16: 7 | J16: =IF(COUNT(E16:I16)=0,"",AVERAGE(E16:I16)) -> 4.4 | K16: =IF(J16="","",IF(J16>=Escalas!$B$11,"Alto",IF(J16>=Escalas!$B$12,"Medio","Bajo"))) -> Medio | L16: Mitigar | M16: apk upgrade en la imagen final. | N16: Cerrado | O16: Cerrado | P16: Etapa 10; corrida #9
A17: H-13 | B17: Vulnerabilidades en imágenes de terceros (MongoDB: 69; WAF: 2) | C17: CI (Trivy informativo) | D17: T-19 | E17: 5 | F17: 3 | G17: 2 | H17: 8 | I17: 6 | J17: =IF(COUNT(E17:I17)=0,"",AVERAGE(E17:I17)) -> 4.8 | K17: =IF(J17="","",IF(J17>=Escalas!$B$11,"Alto",IF(J17>=Escalas!$B$12,"Medio","Bajo"))) -> Medio | L17: Aceptar | M17: Sin puertos publicados, red interna y herramientas sin uso; se re-escanean en cada corrida. | N17: Observado | O17: Aceptado | P17: trivy-mongo.txt y corrida #16
A18: H-14 | B18: res.sendFile con dato del usuario | C18: CI (Semgrep) | D18: T-10 | J18: =IF(COUNT(E18:I18)=0,"",AVERAGE(E18:I18)) | K18: =IF(J18="","",IF(J18>=Escalas!$B$11,"Alto",IF(J18>=Escalas!$B$12,"Medio","Bajo"))) | L18: Aceptar | M18: Falso positivo: nombre validado con UUID y carpeta fija. Excepción nosemgrep documentada. | N18: Cerrado | O18: Cerrado | P18: Etapa 10; routes/media.js
B20: Resumen por estado | C20: En v1.0 | D20: En v1.1
B21: Abierto | C21: =COUNTIF($N$5:$N$18,B21) -> 8 | D21: =COUNTIF($O$5:$O$18,B21) -> 0
B22: Observado | C22: =COUNTIF($N$5:$N$18,B22) -> 3 | D22: =COUNTIF($O$5:$O$18,B22) -> 1
B23: Cerrado | C23: =COUNTIF($N$5:$N$18,B23) -> 3 | D23: =COUNTIF($O$5:$O$18,B23) -> 11
B24: Aceptado | C24: =COUNTIF($N$5:$N$18,B24) -> 0 | D24: =COUNTIF($O$5:$O$18,B24) -> 2
B25: Total | C25: =SUM(C21:C24) -> 14 | D25: =SUM(D21:D24) -> 14

Sheet Mapa_de_calor
A1: Matriz de calor: probabilidad contra impacto
A2: Cada celda cuenta cuántas amenazas caen ahí. Se recalcula con los datos de la hoja Matriz.
A4: Antes de los controles (riesgo inicial)
B5: Probabilidad | C5: 1 | D5: 2 | E5: 3 | F5: 4 | G5: 5 | H5: Impacto →
A6: Muy alta | B6: 5 | C6: =COUNTIFS(Matriz!$E$5:$E$33,$B6,Matriz!$F$5:$F$33,C$5) -> 0 | D6: =COUNTIFS(Matriz!$E$5:$E$33,$B6,Matriz!$F$5:$F$33,D$5) -> 0 | E6: =COUNTIFS(Matriz!$E$5:$E$33,$B6,Matriz!$F$5:$F$33,E$5) -> 0 | F6: =COUNTIFS(Matriz!$E$5:$E$33,$B6,Matriz!$F$5:$F$33,F$5) -> 0 | G6: =COUNTIFS(Matriz!$E$5:$E$33,$B6,Matriz!$F$5:$F$33,G$5) -> 0
A7: Alta | B7: 4 | C7: =COUNTIFS(Matriz!$E$5:$E$33,$B7,Matriz!$F$5:$F$33,C$5) -> 0 | D7: =COUNTIFS(Matriz!$E$5:$E$33,$B7,Matriz!$F$5:$F$33,D$5) -> 2 | E7: =COUNTIFS(Matriz!$E$5:$E$33,$B7,Matriz!$F$5:$F$33,E$5) -> 2 | F7: =COUNTIFS(Matriz!$E$5:$E$33,$B7,Matriz!$F$5:$F$33,F$5) -> 2 | G7: =COUNTIFS(Matriz!$E$5:$E$33,$B7,Matriz!$F$5:$F$33,G$5) -> 2
A8: Media | B8: 3 | C8: =COUNTIFS(Matriz!$E$5:$E$33,$B8,Matriz!$F$5:$F$33,C$5) -> 1 | D8: =COUNTIFS(Matriz!$E$5:$E$33,$B8,Matriz!$F$5:$F$33,D$5) -> 0 | E8: =COUNTIFS(Matriz!$E$5:$E$33,$B8,Matriz!$F$5:$F$33,E$5) -> 4 | F8: =COUNTIFS(Matriz!$E$5:$E$33,$B8,Matriz!$F$5:$F$33,F$5) -> 6 | G8: =COUNTIFS(Matriz!$E$5:$E$33,$B8,Matriz!$F$5:$F$33,G$5) -> 3
A9: Baja | B9: 2 | C9: =COUNTIFS(Matriz!$E$5:$E$33,$B9,Matriz!$F$5:$F$33,C$5) -> 0 | D9: =COUNTIFS(Matriz!$E$5:$E$33,$B9,Matriz!$F$5:$F$33,D$5) -> 1 | E9: =COUNTIFS(Matriz!$E$5:$E$33,$B9,Matriz!$F$5:$F$33,E$5) -> 1 | F9: =COUNTIFS(Matriz!$E$5:$E$33,$B9,Matriz!$F$5:$F$33,F$5) -> 1 | G9: =COUNTIFS(Matriz!$E$5:$E$33,$B9,Matriz!$F$5:$F$33,G$5) -> 4
A10: Muy baja | B10: 1 | C10: =COUNTIFS(Matriz!$E$5:$E$33,$B10,Matriz!$F$5:$F$33,C$5) -> 0 | D10: =COUNTIFS(Matriz!$E$5:$E$33,$B10,Matriz!$F$5:$F$33,D$5) -> 0 | E10: =COUNTIFS(Matriz!$E$5:$E$33,$B10,Matriz!$F$5:$F$33,E$5) -> 0 | F10: =COUNTIFS(Matriz!$E$5:$E$33,$B10,Matriz!$F$5:$F$33,F$5) -> 0 | G10: =COUNTIFS(Matriz!$E$5:$E$33,$B10,Matriz!$F$5:$F$33,G$5) -> 0
A14: Después de los controles (riesgo residual en la versión v1.1-remediada)
B15: Probabilidad | C15: 1 | D15: 2 | E15: 3 | F15: 4 | G15: 5 | H15: Impacto →
A16: Muy alta | B16: 5 | C16: =COUNTIFS(Matriz!$K$5:$K$33,$B16,Matriz!$L$5:$L$33,C$15) -> 0 | D16: =COUNTIFS(Matriz!$K$5:$K$33,$B16,Matriz!$L$5:$L$33,D$15) -> 0 | E16: =COUNTIFS(Matriz!$K$5:$K$33,$B16,Matriz!$L$5:$L$33,E$15) -> 0 | F16: =COUNTIFS(Matriz!$K$5:$K$33,$B16,Matriz!$L$5:$L$33,F$15) -> 0 | G16: =COUNTIFS(Matriz!$K$5:$K$33,$B16,Matriz!$L$5:$L$33,G$15) -> 0
A17: Alta | B17: 4 | C17: =COUNTIFS(Matriz!$K$5:$K$33,$B17,Matriz!$L$5:$L$33,C$15) -> 0 | D17: =COUNTIFS(Matriz!$K$5:$K$33,$B17,Matriz!$L$5:$L$33,D$15) -> 0 | E17: =COUNTIFS(Matriz!$K$5:$K$33,$B17,Matriz!$L$5:$L$33,E$15) -> 0 | F17: =COUNTIFS(Matriz!$K$5:$K$33,$B17,Matriz!$L$5:$L$33,F$15) -> 0 | G17: =COUNTIFS(Matriz!$K$5:$K$33,$B17,Matriz!$L$5:$L$33,G$15) -> 0
A18: Media | B18: 3 | C18: =COUNTIFS(Matriz!$K$5:$K$33,$B18,Matriz!$L$5:$L$33,C$15) -> 1 | D18: =COUNTIFS(Matriz!$K$5:$K$33,$B18,Matriz!$L$5:$L$33,D$15) -> 1 | E18: =COUNTIFS(Matriz!$K$5:$K$33,$B18,Matriz!$L$5:$L$33,E$15) -> 1 | F18: =COUNTIFS(Matriz!$K$5:$K$33,$B18,Matriz!$L$5:$L$33,F$15) -> 0 | G18: =COUNTIFS(Matriz!$K$5:$K$33,$B18,Matriz!$L$5:$L$33,G$15) -> 0
A19: Baja | B19: 2 | C19: =COUNTIFS(Matriz!$K$5:$K$33,$B19,Matriz!$L$5:$L$33,C$15) -> 0 | D19: =COUNTIFS(Matriz!$K$5:$K$33,$B19,Matriz!$L$5:$L$33,D$15) -> 2 | E19: =COUNTIFS(Matriz!$K$5:$K$33,$B19,Matriz!$L$5:$L$33,E$15) -> 5 | F19: =COUNTIFS(Matriz!$K$5:$K$33,$B19,Matriz!$L$5:$L$33,F$15) -> 3 | G19: =COUNTIFS(Matriz!$K$5:$K$33,$B19,Matriz!$L$5:$L$33,G$15) -> 0
A20: Muy baja | B20: 1 | C20: =COUNTIFS(Matriz!$K$5:$K$33,$B20,Matriz!$L$5:$L$33,C$15) -> 0 | D20: =COUNTIFS(Matriz!$K$5:$K$33,$B20,Matriz!$L$5:$L$33,D$15) -> 1 | E20: =COUNTIFS(Matriz!$K$5:$K$33,$B20,Matriz!$L$5:$L$33,E$15) -> 5 | F20: =COUNTIFS(Matriz!$K$5:$K$33,$B20,Matriz!$L$5:$L$33,F$15) -> 4 | G20: =COUNTIFS(Matriz!$K$5:$K$33,$B20,Matriz!$L$5:$L$33,G$15) -> 6
A24: Resumen por nivel
A25: Nivel | B25: Inicial | C25: Residual
A26: Crítico | B26: =COUNTIF(Matriz!$H$5:$H$33,A26) -> 2 | C26: =COUNTIF(Matriz!$N$5:$N$33,A26) -> 0
A27: Alto | B27: =COUNTIF(Matriz!$H$5:$H$33,A27) -> 17 | C27: =COUNTIF(Matriz!$N$5:$N$33,A27) -> 0
A28: Medio | B28: =COUNTIF(Matriz!$H$5:$H$33,A28) -> 8 | C28: =COUNTIF(Matriz!$N$5:$N$33,A28) -> 16
A29: Bajo | B29: =COUNTIF(Matriz!$H$5:$H$33,A29) -> 2 | C29: =COUNTIF(Matriz!$N$5:$N$33,A29) -> 13
A30: Total | B30: =SUM(B26:B29) -> 29 | C30: =SUM(C26:C29) -> 29
A32: Zonas: Crítico desde 17, Alto desde 10, Medio desde 5 (producto de probabilidad por impacto, parámetros en Escalas). Los colores de las celdas son fijos y siguen esos umbrales.

Sheet Capas
A1: Análisis de riesgos en 7 capas (seguridad en profundidad)
A2: Las referencias T-xx corresponden a la hoja STRIDE.
A4: Capa | B4: Subcapa | C4: Controles implementados | D4: Amenazas relacionadas | E4: Brechas y riesgos residuales | F4: Evidencia
A5: 1. Datos | B5: Cifrado, enmascaramiento y gestión de claves | C5: Hashes argon2id; semillas MFA con AES-256-GCM y llave fuera de la base; TLS 1.3 en el borde; secretos fuera del repositorio; en la nube, cifrado con KMS, SSE-KMS y Secrets Manager. | D5: T-12, T-13, T-23, T-25 | E5: La llave de cifrado está en el mismo servidor que los datos. El respaldo es manual (script con restauración probada) y falta programarlo. Certificado autofirmado local. | F5: Etapas 7B, 8B y 9; Gitleaks sin fugas.
A6: 2. Aplicación | B6: a. Código | C6: Validación Zod estricta; sanitizeFilter; renderizado Markdown sin HTML crudo; análisis estático con Semgrep (0 hallazgos) y ESLint. | D6: T-05, T-06, T-10, T-29 | E6: Una excepción nosemgrep justificada (res.sendFile con nombre validado). | F6: CI de la etapa 10; fases 2, 4 y 6.
A7: 2. Aplicación | B7: b. Aplicación (lógica, autenticación y autorización) | C7: Argon2id; sesión JWT de 30 minutos en cookie HttpOnly; MFA TOTP obligatorio para admin; roles verificados en el servidor; control de dueño; bloqueos y límites. | D7: T-01, T-02, T-03, T-07, T-08, T-11, T-17, T-26, T-27 | E7: Enumeración de usuarios por el registro; bloqueo de cuenta abusable; sin revocación de tokens; TOTP vulnerable a phishing; sin códigos de recuperación. | F7: Fases 2, 3, 5 y etapa 7B.
A8: 2. Aplicación | B8: c. Implementación (bibliotecas, dependencias y frameworks) | C8: npm audit en 0; Dependabot semanal; package-lock y npm ci; dependencias mínimas; imágenes sin npm. | D8: T-18, T-19 | E8: El script de instalación de argon2 no está aprobado de forma explícita; acciones y herramientas por versión y no por hash. | F8: CI de la etapa 10; Trivy.
A9: 2. Aplicación | B9: d. Perímetro (endpoints, rutas públicas y privadas) | C9: Rutas públicas limitadas a lectura de posts e imágenes; /health no expuesto; CORS restringido; límites de peticiones por ruta; WAF. | D9: T-16, T-28 | E9: Sin límite global de peticiones en el borde local; sin token CSRF (se apoya en SameSite). | F9: Fases 1, 2 y 8B.
A10: 3. Host | B10: Endurecimiento, parches y runtime de contenedores | C10: Usuarios sin root; sistema de archivos de solo lectura; cap_drop ALL; no-new-privileges; límites de recursos; upgrade de paquetes; Trivy bloqueante. | D10: T-19, T-22 | E10: WAF y MongoDB sin sistema de solo lectura; vulnerabilidades de las imágenes de terceros aceptadas con justificación. | F10: Fases 8A y 8B; CI.
A11: 4. Red interna | B11: Subredes privadas, grupos de seguridad y microsegmentación | C11: Red interna de Docker sin salida y sin puertos publicados salvo el WAF; en la nube, VPC de tres niveles con grupos de seguridad por referencia. | D11: T-21 | E11: Sin TLS entre servicios internos; una sola NAT Gateway (punto único de falla). | F11: Fase 8A; etapa 9.
A12: 5. Perímetro cloud y red | B12: Firewalls, mitigación de DDoS y gateways | C12: WAF ModSecurity con OWASP CRS (paranoia 1); TLS 1.3; en la nube, AWS WAF con reglas administradas y regla de tasa, ALB con TLS 1.3. | D12: T-16, T-23 | E12: Sin servicio de mitigación DDoS de red en el diseño; el WAF puede dar falsos positivos con contenido legítimo. | F12: Etapa 8B; Terraform.
A13: 6. Seguridad física | B13: Infraestructura del proveedor y dispositivos | C13: En la nube, delegada al proveedor (certificaciones SOC 2 e ISO 27001, responsabilidad compartida). Teléfono con la app autenticadora protegido por bloqueo. | D13: T-26 | E13: El equipo de desarrollo y el teléfono dependen de buenas prácticas del usuario (bloqueo y cifrado de disco), que no se verifican. | F13: Diseño de la etapa 9.
A14: 7. Políticas, procedimientos y concientización | B14: Contraseñas, política DevSecOps y gestión de incidentes | C14: Contraseñas de 10 o más caracteres; flujo CI/CD bloqueante; auditoría con registro de rechazos; reinicio del MFA por script documentado. | D14: T-14, T-15, T-26, T-27 | E14: No hay política formal escrita de contraseñas ni plan de respuesta a incidentes; sin capacitación; los logs no tienen alertas automáticas. | F14: docs/hallazgos.md; CI.
